"_id","skills","title"
"5ca265d3254206425406a6e3","[{""_id"":""5c9432c8fcd19c01b05aaf42"",""name"":""Express.js"",""__v"":0},{""_id"":""5c9428331f48eb2b18d23ea4"",""name"":""Node.js"",""description"":"""",""__v"":0}]","Scrummy"
"5ca266d0254206425406a6e4","[]","ProjectDT"
"5ca26701254206425406a6e5","[]","ProjectDM"
"5ca2671c254206425406a6e6","[]","ProjectDH"
"5ca26739254206425406a6e7","[]","ProjectDA"
"5ca2674d254206425406a6e8","[]","ProjectDL"
"5ca61a985679952c844ea3dd","[{""_id"":""5c9428331f48eb2b18d23ea4"",""name"":""Node.js"",""description"":"""",""__v"":0},{""_id"":""5c9432c8fcd19c01b05aaf42"",""name"":""Express.js"",""__v"":0}]","HR Solution"
"5cbff1725cbd39378899e5c0","[]","Project56"
"5cbffc62f0bcfe0e38e8bbd0","[]","Project566"
"5cbffd1085ae931f5cb453e1","[]","Project684"
"5cc27b63b4f6bf04e83871ac","[]","Project RH"
"5cc2c11ce81eff172408b0e4","[]","Project SC"
"5cc2c3533359dc14208a1dd5","[]","Project RS"
"5cc2d3493359dc14208a1de2","[]","Project PI"
"5cc79c42c784821014ae8897","[]","Project5665"
"5cc79d37c784821014ae889a","[]","Project1"
"5cc79eb3c784821014ae889d","[]","Project2"
"5cc7a08bc784821014ae88a0","[]","Project3"
"5cc7a19ac784821014ae88a3","[]","Project5"
"5cc7a6ac2c361543b013b6ff","[]","Project6"